{"cameraMode":{"drawMode":0,"name":"Shaded","section":"Shading Mode"},"sceneLighting":true,"audioPlay":false,"sceneViewState":{"showFog":true,"showMaterialUpdate":false,"showSkybox":true,"showFlares":true,"showImageEffects":true,"showParticleSystems":true},"in2DMode":false,"pivot":{"x":0.5032349824905396,"y":-0.0516853928565979,"z":-1.4265952110290528},"rotation":{"x":0.033175475895404819,"y":0.8482146263122559,"z":-0.05350833386182785,"w":0.5258980393409729},"size":5.026834964752197,"orthographic":true}